{
  "final_accuracy": 53.333333333333336,
  "final_f1_score": 0.5625,
  "epochs": 10,
  "batch_size": 10,
  "learning_rate": 0.0001,
  "train_losses": [
    0.6965100254331317,
    0.6935558063643319,
    0.6899072102137974,
    0.6891258103506905,
    0.6844123133591243,
    0.6739835611411503,
    0.6521349847316742,
    0.6411018414156777,
    0.5884973193917956,
    0.6761978055749621
  ],
  "train_accuracies": [
    47.857142857142854,
    50.0,
    57.857142857142854,
    55.714285714285715,
    55.0,
    65.71428571428571,
    64.28571428571429,
    58.57142857142857,
    67.85714285714286,
    60.714285714285715
  ],
  "val_accuracies": [
    43.333333333333336,
    46.666666666666664,
    50.0,
    56.666666666666664,
    56.666666666666664,
    46.666666666666664,
    66.66666666666666,
    56.666666666666664,
    63.33333333333333,
    53.333333333333336
  ],
  "val_f1_scores": [
    0.0,
    0.2,
    0.5454545454545454,
    0.7111111111111111,
    0.6285714285714286,
    0.42857142857142855,
    0.7058823529411765,
    0.5185185185185185,
    0.56,
    0.5625
  ],
  "train_samples": 299,
  "val_samples": 75,
  "model_architecture": "ResNet50 + Attention + Feature Fusion",
  "data_augmentation": true,
  "key_region_extraction": true,
  "edge_enhancement": true
}